,SK_ID_CURR,TARGET,NAME_CONTRACT_TYPE,CODE_GENDER,FLAG_OWN_CAR,FLAG_OWN_REALTY,CNT_CHILDREN,AMT_INCOME_TOTAL,AMT_CREDIT,AMT_ANNUITY,AMT_GOODS_PRICE,REGION_POPULATION_RELATIVE,DAYS_BIRTH,DAYS_EMPLOYED,DAYS_REGISTRATION,DAYS_ID_PUBLISH,OWN_CAR_AGE,FLAG_MOBIL,FLAG_EMP_PHONE,FLAG_WORK_PHONE,FLAG_CONT_MOBILE,FLAG_PHONE,FLAG_EMAIL,CNT_FAM_MEMBERS,REGION_RATING_CLIENT,REGION_RATING_CLIENT_W_CITY,HOUR_APPR_PROCESS_START,REG_REGION_NOT_LIVE_REGION,REG_REGION_NOT_WORK_REGION,LIVE_REGION_NOT_WORK_REGION,REG_CITY_NOT_LIVE_CITY,REG_CITY_NOT_WORK_CITY,LIVE_CITY_NOT_WORK_CITY,EXT_SOURCE_1,EXT_SOURCE_2,EXT_SOURCE_3,APARTMENTS_AVG,BASEMENTAREA_AVG,YEARS_BEGINEXPLUATATION_AVG,YEARS_BUILD_AVG,COMMONAREA_AVG,ELEVATORS_AVG,ENTRANCES_AVG,FLOORSMAX_AVG,FLOORSMIN_AVG,LANDAREA_AVG,LIVINGAPARTMENTS_AVG,LIVINGAREA_AVG,NONLIVINGAPARTMENTS_AVG,NONLIVINGAREA_AVG,APARTMENTS_MODE,BASEMENTAREA_MODE,YEARS_BEGINEXPLUATATION_MODE,YEARS_BUILD_MODE,COMMONAREA_MODE,ELEVATORS_MODE,ENTRANCES_MODE,FLOORSMAX_MODE,FLOORSMIN_MODE,LANDAREA_MODE,LIVINGAPARTMENTS_MODE,LIVINGAREA_MODE,NONLIVINGAPARTMENTS_MODE,NONLIVINGAREA_MODE,APARTMENTS_MEDI,BASEMENTAREA_MEDI,YEARS_BEGINEXPLUATATION_MEDI,YEARS_BUILD_MEDI,COMMONAREA_MEDI,ELEVATORS_MEDI,ENTRANCES_MEDI,FLOORSMAX_MEDI,FLOORSMIN_MEDI,LANDAREA_MEDI,LIVINGAPARTMENTS_MEDI,LIVINGAREA_MEDI,NONLIVINGAPARTMENTS_MEDI,NONLIVINGAREA_MEDI,TOTALAREA_MODE,EMERGENCYSTATE_MODE,OBS_30_CNT_SOCIAL_CIRCLE,DEF_30_CNT_SOCIAL_CIRCLE,OBS_60_CNT_SOCIAL_CIRCLE,DEF_60_CNT_SOCIAL_CIRCLE,DAYS_LAST_PHONE_CHANGE,FLAG_DOCUMENT_2,FLAG_DOCUMENT_3,FLAG_DOCUMENT_4,FLAG_DOCUMENT_5,FLAG_DOCUMENT_6,FLAG_DOCUMENT_7,FLAG_DOCUMENT_8,FLAG_DOCUMENT_9,FLAG_DOCUMENT_10,FLAG_DOCUMENT_11,FLAG_DOCUMENT_12,FLAG_DOCUMENT_13,FLAG_DOCUMENT_14,FLAG_DOCUMENT_15,FLAG_DOCUMENT_16,FLAG_DOCUMENT_17,FLAG_DOCUMENT_18,FLAG_DOCUMENT_19,FLAG_DOCUMENT_20,FLAG_DOCUMENT_21,AMT_REQ_CREDIT_BUREAU_HOUR,AMT_REQ_CREDIT_BUREAU_DAY,AMT_REQ_CREDIT_BUREAU_WEEK,AMT_REQ_CREDIT_BUREAU_MON,AMT_REQ_CREDIT_BUREAU_QRT,AMT_REQ_CREDIT_BUREAU_YEAR,Test,PROPORTION_LIFE_EMPLOYED,INCOME_TO_CREDIT_RATIO,INCOME_TO_ANNUITY_RATIO,INCOME_TO_ANNUITY_RATIO_BY_AGE,CREDIT_TO_ANNUITY_RATIO,CREDIT_TO_ANNUITY_RATIO_BY_AGE,INCOME_TO_FAMILYSIZE_RATIO,WEEKDAY_APPR_PROCESS_START_1,WEEKDAY_APPR_PROCESS_START_2,NAME_TYPE_SUITE_Children,NAME_TYPE_SUITE_Family,NAME_TYPE_SUITE_Group of people,NAME_TYPE_SUITE_Other_A,NAME_TYPE_SUITE_Other_B,"NAME_TYPE_SUITE_Spouse, partner",NAME_TYPE_SUITE_Unaccompanied,NAME_INCOME_TYPE_Businessman,NAME_INCOME_TYPE_Commercial associate,NAME_INCOME_TYPE_Pensioner,NAME_INCOME_TYPE_State servant,NAME_INCOME_TYPE_Student,NAME_INCOME_TYPE_Unemployed,NAME_INCOME_TYPE_Working,NAME_EDUCATION_TYPE_Academic degree,NAME_EDUCATION_TYPE_Higher education,NAME_EDUCATION_TYPE_Incomplete higher,NAME_EDUCATION_TYPE_Lower secondary,NAME_EDUCATION_TYPE_Secondary / secondary special,NAME_FAMILY_STATUS_Civil marriage,NAME_FAMILY_STATUS_Married,NAME_FAMILY_STATUS_Separated,NAME_FAMILY_STATUS_Single / not married,NAME_FAMILY_STATUS_Widow,NAME_HOUSING_TYPE_Co-op apartment,NAME_HOUSING_TYPE_House / apartment,NAME_HOUSING_TYPE_Municipal apartment,NAME_HOUSING_TYPE_Office apartment,NAME_HOUSING_TYPE_Rented apartment,NAME_HOUSING_TYPE_With parents,OCCUPATION_TYPE_Accountants,OCCUPATION_TYPE_Cleaning staff,OCCUPATION_TYPE_Cooking staff,OCCUPATION_TYPE_Core staff,OCCUPATION_TYPE_Drivers,OCCUPATION_TYPE_HR staff,OCCUPATION_TYPE_High skill tech staff,OCCUPATION_TYPE_IT staff,OCCUPATION_TYPE_Laborers,OCCUPATION_TYPE_Low-skill Laborers,OCCUPATION_TYPE_Managers,OCCUPATION_TYPE_Medicine staff,OCCUPATION_TYPE_Private service staff,OCCUPATION_TYPE_Realty agents,OCCUPATION_TYPE_Sales staff,OCCUPATION_TYPE_Secretaries,OCCUPATION_TYPE_Security staff,OCCUPATION_TYPE_Waiters/barmen staff,ORGANIZATION_TYPE_Advertising,ORGANIZATION_TYPE_Agriculture,ORGANIZATION_TYPE_Bank,ORGANIZATION_TYPE_Business Entity Type 1,ORGANIZATION_TYPE_Business Entity Type 2,ORGANIZATION_TYPE_Business Entity Type 3,ORGANIZATION_TYPE_Cleaning,ORGANIZATION_TYPE_Construction,ORGANIZATION_TYPE_Culture,ORGANIZATION_TYPE_Electricity,ORGANIZATION_TYPE_Emergency,ORGANIZATION_TYPE_Government,ORGANIZATION_TYPE_Hotel,ORGANIZATION_TYPE_Housing,ORGANIZATION_TYPE_Industry: type 1,ORGANIZATION_TYPE_Industry: type 10,ORGANIZATION_TYPE_Industry: type 11,ORGANIZATION_TYPE_Industry: type 12,ORGANIZATION_TYPE_Industry: type 13,ORGANIZATION_TYPE_Industry: type 2,ORGANIZATION_TYPE_Industry: type 3,ORGANIZATION_TYPE_Industry: type 4,ORGANIZATION_TYPE_Industry: type 5,ORGANIZATION_TYPE_Industry: type 6,ORGANIZATION_TYPE_Industry: type 7,ORGANIZATION_TYPE_Industry: type 8,ORGANIZATION_TYPE_Industry: type 9,ORGANIZATION_TYPE_Insurance,ORGANIZATION_TYPE_Kindergarten,ORGANIZATION_TYPE_Legal Services,ORGANIZATION_TYPE_Medicine,ORGANIZATION_TYPE_Military,ORGANIZATION_TYPE_Mobile,ORGANIZATION_TYPE_Other,ORGANIZATION_TYPE_Police,ORGANIZATION_TYPE_Postal,ORGANIZATION_TYPE_Realtor,ORGANIZATION_TYPE_Religion,ORGANIZATION_TYPE_Restaurant,ORGANIZATION_TYPE_School,ORGANIZATION_TYPE_Security,ORGANIZATION_TYPE_Security Ministries,ORGANIZATION_TYPE_Self-employed,ORGANIZATION_TYPE_Services,ORGANIZATION_TYPE_Telecom,ORGANIZATION_TYPE_Trade: type 1,ORGANIZATION_TYPE_Trade: type 2,ORGANIZATION_TYPE_Trade: type 3,ORGANIZATION_TYPE_Trade: type 4,ORGANIZATION_TYPE_Trade: type 5,ORGANIZATION_TYPE_Trade: type 6,ORGANIZATION_TYPE_Trade: type 7,ORGANIZATION_TYPE_Transport: type 1,ORGANIZATION_TYPE_Transport: type 2,ORGANIZATION_TYPE_Transport: type 3,ORGANIZATION_TYPE_Transport: type 4,ORGANIZATION_TYPE_University,ORGANIZATION_TYPE_XNA,FONDKAPREMONT_MODE_not specified,FONDKAPREMONT_MODE_org spec account,FONDKAPREMONT_MODE_reg oper account,FONDKAPREMONT_MODE_reg oper spec account,HOUSETYPE_MODE_block of flats,HOUSETYPE_MODE_specific housing,HOUSETYPE_MODE_terraced house,WALLSMATERIAL_MODE_Block,WALLSMATERIAL_MODE_Mixed,WALLSMATERIAL_MODE_Monolithic,WALLSMATERIAL_MODE_Others,WALLSMATERIAL_MODE_Panel,"WALLSMATERIAL_MODE_Stone, brick",WALLSMATERIAL_MODE_Wooden
100002,100002,1.0,0,1,0,1,0,202500.0,406597.5,24700.5,351000.0,0.018801,-9461,-637.0,-3648.0,-2120,,1,1,0,1,1,0,1.0,2,2,10,0,0,0,0,0,0,0.0830369673913225,0.2629485927471776,0.1393757800997895,0.0247,0.0369,0.9722,0.6192,0.0143,0.0,0.069,0.0833,0.125,0.0369,0.0202,0.019,0.0,0.0,0.0252,0.0383,0.9722,0.6341,0.0144,0.0,0.069,0.0833,0.125,0.0377,0.022,0.0198,0.0,0.0,0.025,0.0369,0.9722,0.6243,0.0144,0.0,0.069,0.0833,0.125,0.0375,0.0205,0.0193,0.0,0.0,0.0149,0.0,2.0,2.0,2.0,2.0,-1134.0,0,1,0,0,0,0,0,0,0,0,0,0,0,0,0,0,0,0,0,0,0.0,0.0,0.0,0.0,0.0,1.0,False,0.0673290349857309,0.4980355265342261,8.198214611040262,-77563.30843505192,16.46110402623429,-155738.5051922026,202500.0,-0.2225209339563143,0.9749279121818236,0,0,0,0,0,0,1,0,0,0,0,0,0,1,0,0,0,0,1,0,0,0,1,0,0,1,0,0,0,0,0,0,0,0,0,0,0,0,1,0,0,0,0,0,0,0,0,0,0,0,0,0,0,1,0,0,0,0,0,0,0,0,0,0,0,0,0,0,0,0,0,0,0,0,0,0,0,0,0,0,0,0,0,0,0,0,0,0,0,0,0,0,0,0,0,0,0,0,0,0,0,0,0,0,0,0,0,0,1,0,1,0,0,0,0,0,0,0,1,0
100003,100003,0.0,0,0,0,0,0,270000.0,1293502.5,35698.5,1129500.0,0.0035409999999999,-16765,-1188.0,-1186.0,-291,,1,1,0,1,1,0,2.0,1,1,11,0,0,0,0,0,0,0.3112673113812225,0.6222457752555098,,0.0959,0.0529,0.9851,0.7959999999999999,0.0605,0.08,0.0345,0.2917,0.3333,0.013,0.0773,0.0549,0.0039,0.0098,0.0924,0.0538,0.9851,0.804,0.0497,0.0806,0.0345,0.2917,0.3333,0.0128,0.079,0.0554,0.0,0.0,0.0968,0.0529,0.9851,0.7987,0.0608,0.08,0.0345,0.2917,0.3333,0.0132,0.0787,0.0558,0.0039,0.01,0.0714,0.0,1.0,0.0,1.0,0.0,-828.0,0,1,0,0,0,0,0,0,0,0,0,0,0,0,0,0,0,0,0,0,0.0,0.0,0.0,0.0,0.0,0.0,False,0.0708619147032508,0.2087355841987162,7.563342997604941,-126799.44535484684,36.23408546577587,-607464.4428337325,135000.0,1.0,0.0,0,1,0,0,0,0,0,0,0,0,1,0,0,0,0,1,0,0,0,0,1,0,0,0,0,1,0,0,0,0,0,0,0,1,0,0,0,0,0,0,0,0,0,0,0,0,0,0,0,0,0,0,0,0,0,0,0,0,0,0,0,0,0,0,0,0,0,0,0,0,0,0,0,0,0,0,0,0,0,0,0,0,0,0,0,0,0,1,0,0,0,0,0,0,0,0,0,0,0,0,0,0,0,0,0,0,0,0,1,0,1,0,0,1,0,0,0,0,0,0
100004,100004,0.0,1,1,1,1,0,67500.0,135000.0,6750.0,135000.0,0.010032,-19046,-225.0,-4260.0,-2531,26.0,1,1,1,1,1,0,1.0,2,2,9,0,0,0,0,0,0,,0.5559120833904428,0.7295666907060153,,,,,,,,,,,,,,,,,,,,,,,,,,,,,,,,,,,,,,,,,,,,,0.0,0.0,0.0,0.0,-815.0,0,0,0,0,0,0,0,0,0,0,0,0,0,0,0,0,0,0,0,0,0.0,0.0,0.0,0.0,0.0,0.0,False,0.0118135041478525,0.5,10.0,-190460.0,20.0,-380920.0,67500.0,1.0,0.0,0,0,0,0,0,0,1,0,0,0,0,0,0,1,0,0,0,0,1,0,0,0,1,0,0,1,0,0,0,0,0,0,0,0,0,0,0,0,1,0,0,0,0,0,0,0,0,0,0,0,0,0,0,0,0,0,0,0,0,1,0,0,0,0,0,0,0,0,0,0,0,0,0,0,0,0,0,0,0,0,0,0,0,0,0,0,0,0,0,0,0,0,0,0,0,0,0,0,0,0,0,0,0,0,0,0,0,0,0,0,0,0,0,0,0,0,0,0,0,0
100006,100006,0.0,0,0,0,1,0,135000.0,312682.5,29686.5,297000.0,0.008019,-19005,-3039.0,-9833.0,-2437,,1,1,0,1,0,0,2.0,2,2,17,0,0,0,0,0,0,,0.6504416904014653,,,,,,,,,,,,,,,,,,,,,,,,,,,,,,,,,,,,,,,,,,,,,,2.0,0.0,2.0,0.0,-617.0,0,1,0,0,0,0,0,0,0,0,0,0,0,0,0,0,0,0,0,0,,,,,,,False,0.1599052880820836,0.4317478592501979,4.547521600727603,-86425.6480218281,10.532817947551916,-200176.20509322415,67500.0,-0.2225209339563143,0.9749279121818236,0,0,0,0,0,0,1,0,0,0,0,0,0,1,0,0,0,0,1,1,0,0,0,0,0,1,0,0,0,0,0,0,0,0,0,0,0,0,1,0,0,0,0,0,0,0,0,0,0,0,0,0,0,1,0,0,0,0,0,0,0,0,0,0,0,0,0,0,0,0,0,0,0,0,0,0,0,0,0,0,0,0,0,0,0,0,0,0,0,0,0,0,0,0,0,0,0,0,0,0,0,0,0,0,0,0,0,0,0,0,0,0,0,0,0,0,0,0,0,0
100007,100007,0.0,0,1,0,1,0,121500.0,513000.0,21865.5,513000.0,0.028663,-19932,-3038.0,-4311.0,-3458,,1,1,0,1,0,0,1.0,2,2,11,0,0,0,0,1,1,,0.3227382869704046,,,,,,,,,,,,,,,,,,,,,,,,,,,,,,,,,,,,,,,,,,,,,,0.0,0.0,0.0,0.0,-1106.0,0,0,0,0,0,0,1,0,0,0,0,0,0,0,0,0,0,0,0,0,0.0,0.0,0.0,0.0,0.0,0.0,False,0.1524182219546458,0.2368421052631578,5.556698909240584,-110756.12265898332,23.46161761679358,-467636.9623379296,121500.0,-0.900968867902419,0.4338837391175582,0,0,0,0,0,0,1,0,0,0,0,0,0,1,0,0,0,0,1,0,0,0,1,0,0,1,0,0,0,0,0,0,0,1,0,0,0,0,0,0,0,0,0,0,0,0,0,0,0,0,0,0,0,0,0,0,0,0,0,0,0,0,0,0,0,0,0,0,0,0,0,0,0,0,0,0,0,0,0,0,0,0,0,0,0,1,0,0,0,0,0,0,0,0,0,0,0,0,0,0,0,0,0,0,0,0,0,0,0,0,0,0,0,0,0,0,0,0,0,0
100008,100008,0.0,0,1,0,1,0,99000.0,490495.5,27517.5,454500.0,0.035792,-16941,-1588.0,-4970.0,-477,,1,1,1,1,1,0,2.0,2,2,16,0,0,0,0,0,0,,0.3542247319929012,0.6212263380626669,,,,,,,,,,,,,,,,,,,,,,,,,,,,,,,,,,,,,,,,,,,,,0.0,0.0,0.0,0.0,-2536.0,0,1,0,0,0,0,0,0,0,0,0,0,0,0,0,0,0,0,0,0,0.0,0.0,0.0,0.0,1.0,1.0,False,0.0937370875391063,0.2018367140982944,3.597710547833197,-60948.81439084219,17.824856909239575,-301970.90089942765,49500.0,-0.2225209339563143,0.9749279121818236,0,0,0,0,0,1,0,0,0,0,1,0,0,0,0,0,0,0,1,0,1,0,0,0,0,1,0,0,0,0,0,0,0,0,0,0,0,0,1,0,0,0,0,0,0,0,0,0,0,0,0,0,0,0,0,0,0,0,0,0,0,0,0,0,0,0,0,0,0,0,0,0,0,0,0,0,0,0,0,0,0,1,0,0,0,0,0,0,0,0,0,0,0,0,0,0,0,0,0,0,0,0,0,0,0,0,0,0,0,0,0,0,0,0,0,0,0,0,0,0
100009,100009,0.0,0,0,1,1,1,171000.0,1560726.0,41301.0,1395000.0,0.035792,-13778,-3130.0,-1213.0,-619,17.0,1,1,0,1,1,0,3.0,2,2,16,0,0,0,0,0,0,0.7747614130547695,0.7239998516953141,0.4920600938649263,,,,,,,,,,,,,,,,,,,,,,,,,,,,,,,,,,,,,,,,,,,,,1.0,0.0,1.0,0.0,-1562.0,0,0,0,0,0,0,1,0,0,0,0,0,1,0,0,0,0,0,0,0,0.0,0.0,0.0,1.0,1.0,2.0,False,0.2271737552620119,0.109564395031543,4.140335585094792,-57045.54369143604,37.78906079755938,-520657.67966877314,57000.0,0.6234898018587334,-0.7818314824680299,0,0,0,0,0,0,1,0,1,0,0,0,0,0,0,1,0,0,0,0,1,0,0,0,0,1,0,0,0,0,1,0,0,0,0,0,0,0,0,0,0,0,0,0,0,0,0,0,0,0,0,0,0,1,0,0,0,0,0,0,0,0,0,0,0,0,0,0,0,0,0,0,0,0,0,0,0,0,0,0,0,0,0,0,0,0,0,0,0,0,0,0,0,0,0,0,0,0,0,0,0,0,0,0,0,0,0,0,0,0,0,0,0,0,0,0,0,0,0,0
100010,100010,0.0,0,1,1,1,0,360000.0,1530000.0,42075.0,1530000.0,0.0031219999999999,-18850,-449.0,-4597.0,-2379,8.0,1,1,1,1,0,0,2.0,3,3,16,0,0,0,0,1,1,,0.7142792864482229,0.5406544504453575,,,,,,,,,,,,,,,,,,,,,,,,,,,,,,,,,,,,,,,,,,,,,2.0,0.0,2.0,0.0,-1070.0,0,1,0,0,0,0,0,0,0,0,0,0,0,0,0,0,0,0,0,0,0.0,0.0,0.0,0.0,0.0,0.0,False,0.0238196286472148,0.2352941176470588,8.556149732620321,-161283.42245989305,36.36363636363637,-685454.5454545455,180000.0,1.0,0.0,0,0,0,0,0,0,1,0,0,0,1,0,0,0,0,1,0,0,0,0,1,0,0,0,0,1,0,0,0,0,0,0,0,0,0,0,0,0,0,0,1,0,0,0,0,0,0,0,0,0,0,0,0,0,0,0,0,0,0,0,0,0,0,0,0,0,0,0,0,0,0,0,0,0,0,0,0,0,0,0,0,1,0,0,0,0,0,0,0,0,0,0,0,0,0,0,0,0,0,0,0,0,0,0,0,0,0,0,0,0,0,0,0,0,0,0,0,0,0,0
100011,100011,0.0,0,0,0,1,0,112500.0,1019610.0,33826.5,913500.0,0.018634,-20099,,-7427.0,-3514,,1,0,0,1,0,0,2.0,2,2,14,0,0,0,0,0,0,0.5873340468730377,0.2057472880073281,0.7517237147741489,,,,,,,,,,,,,,,,,,,,,,,,,,,,,,,,,,,,,,,,,,,,,1.0,0.0,1.0,0.0,0.0,0,1,0,0,0,0,0,0,0,0,0,0,0,0,0,0,0,0,0,0,0.0,0.0,0.0,0.0,0.0,1.0,False,,0.1103363050578162,3.3257948649727287,-66845.15099108688,30.142344020220836,-605830.9724624185,56250.0,-0.2225209339563143,0.9749279121818236,1,0,0,0,0,0,0,0,0,1,0,0,0,0,0,0,0,0,1,0,1,0,0,0,0,1,0,0,0,0,0,0,0,0,0,0,0,0,0,0,0,0,0,0,0,0,0,0,0,0,0,0,0,0,0,0,0,0,0,0,0,0,0,0,0,0,0,0,0,0,0,0,0,0,0,0,0,0,0,0,0,0,0,0,0,0,0,0,0,0,0,0,0,0,0,0,0,0,0,0,0,0,0,0,0,1,0,0,0,0,0,0,0,0,0,0,0,0,0,0
100012,100012,0.0,1,1,0,1,0,135000.0,405000.0,20250.0,405000.0,0.0196889999999999,-14469,-2019.0,-14437.0,-3992,,1,1,0,1,0,0,1.0,2,2,8,0,0,0,0,0,0,,0.7466436294590924,,,,,,,,,,,,,,,,,,,,,,,,,,,,,,,,,,,,,,,,,,,,,,2.0,0.0,2.0,0.0,-1673.0,0,0,0,0,0,0,0,0,0,0,0,0,0,0,0,0,0,0,0,0,,,,,,,False,0.1395397055774414,0.3333333333333333,6.666666666666667,-96460.0,20.0,-289380.0,135000.0,-0.900968867902419,0.4338837391175582,0,0,0,0,0,0,1,0,0,0,0,0,0,1,0,0,0,0,1,0,0,0,1,0,0,1,0,0,0,0,0,0,0,0,0,0,0,0,1,0,0,0,0,0,0,0,0,0,0,0,0,0,0,0,0,0,0,1,0,0,0,0,0,0,0,0,0,0,0,0,0,0,0,0,0,0,0,0,0,0,0,0,0,0,0,0,0,0,0,0,0,0,0,0,0,0,0,0,0,0,0,0,0,0,0,0,0,0,0,0,0,0,0,0,0,0,0,0,0,0
100014,100014,0.0,0,0,0,1,1,112500.0,652500.0,21177.0,652500.0,0.0228,-10197,-679.0,-4427.0,-738,,1,1,0,1,0,0,3.0,2,2,15,0,0,0,0,0,0,0.3197601716755032,0.6518623334244781,0.363945238612397,,,,,,,,,,,,,,,,,,,,,,,,,,,,,,,,,,,,,,,,,,,,,0.0,0.0,0.0,0.0,-844.0,0,1,0,0,0,0,0,0,0,0,0,0,0,0,0,0,0,0,0,0,0.0,0.0,0.0,1.0,0.0,0.0,False,0.0665882122192801,0.1724137931034483,5.31236719082023,-54170.20824479388,30.81172970675733,-314187.2078198045,37500.0,-0.2225209339563146,-0.9749279121818236,0,0,0,0,0,0,1,0,0,0,0,0,0,1,0,1,0,0,0,0,1,0,0,0,0,1,0,0,0,0,0,0,0,1,0,0,0,0,0,0,0,0,0,0,0,0,0,0,0,0,0,0,0,0,0,0,0,0,0,0,0,0,0,0,0,0,0,0,0,0,0,0,0,0,0,0,0,0,1,0,0,0,0,0,0,0,0,0,0,0,0,0,0,0,0,0,0,0,0,0,0,0,0,0,0,0,0,0,0,0,0,0,0,0,0,0,0,0,0,0
100015,100015,0.0,0,0,0,1,0,38419.155,148365.0,10678.5,135000.0,0.015221,-20417,,-5246.0,-2512,,1,0,0,1,1,0,2.0,2,2,7,0,0,0,0,0,0,0.7220444501416448,0.5551831615131809,0.6528965519806539,,,,,,,,,,,,,,,,,,,,,,,,,,,,,,,,,,,,,,,,,,,,,0.0,0.0,0.0,0.0,-2396.0,0,0,0,0,1,0,0,0,0,0,0,0,0,0,0,0,0,0,0,0,0.0,0.0,0.0,0.0,0.0,2.0,False,,0.2589502578101304,3.597804466919511,-73456.37380109566,13.893805309734514,-283669.8230088496,19209.5775,-0.9009688679024191,-0.433883739117558,1,0,0,0,0,0,0,0,0,1,0,0,0,0,0,0,0,0,1,0,1,0,0,0,0,1,0,0,0,0,0,0,0,0,0,0,0,0,0,0,0,0,0,0,0,0,0,0,0,0,0,0,0,0,0,0,0,0,0,0,0,0,0,0,0,0,0,0,0,0,0,0,0,0,0,0,0,0,0,0,0,0,0,0,0,0,0,0,0,0,0,0,0,0,0,0,0,0,0,0,0,0,0,0,0,1,0,0,0,0,0,0,0,0,0,0,0,0,0,0
100016,100016,0.0,0,0,0,1,0,67500.0,80865.0,5881.5,67500.0,0.031329,-13439,-2717.0,-311.0,-3227,,1,1,1,1,1,0,2.0,2,2,10,0,0,0,0,0,0,0.4648311169632833,0.7150418188660659,0.1766525794312139,0.0825,,0.9811,,,0.0,0.2069,0.1667,,0.0135,,0.0778,,0.0,0.084,,0.9811,,,0.0,0.2069,0.1667,,0.0138,,0.081,,0.0,0.0833,,0.9811,,,0.0,0.2069,0.1667,,0.0137,,0.0792,,0.0,0.0612,0.0,0.0,0.0,0.0,0.0,-2370.0,0,1,0,0,0,0,0,0,0,0,0,0,0,0,0,0,0,0,0,0,0.0,0.0,0.0,1.0,0.0,0.0,False,0.2021727807128506,0.8347245409015025,11.476664116296863,-154234.88905891354,13.749043611323644,-184773.39709257844,33750.0,-0.9009688679024191,-0.433883739117558,0,0,0,0,0,0,1,0,0,0,0,0,0,1,0,0,0,0,1,0,1,0,0,0,0,1,0,0,0,0,0,0,0,0,0,0,0,0,1,0,0,0,0,0,0,0,0,0,0,0,0,0,1,0,0,0,0,0,0,0,0,0,0,0,0,0,0,0,0,0,0,0,0,0,0,0,0,0,0,0,0,0,0,0,0,0,0,0,0,0,0,0,0,0,0,0,0,0,0,0,0,0,0,0,0,0,0,0,1,0,1,0,0,0,0,0,0,0,0,0
100017,100017,0.0,0,1,1,0,1,225000.0,918468.0,28966.5,697500.0,0.016612,-14086,-3028.0,-643.0,-4911,23.0,1,1,0,1,0,0,3.0,2,2,13,0,0,0,0,0,0,,0.5669066132460429,0.7700870700124128,0.1474,0.0973,0.9806,0.7348,0.0582,0.16,0.1379,0.3333,0.375,0.0931,0.1202,0.1397,0.0,0.0,0.1502,0.101,0.9806,0.7452,0.0587,0.1611,0.1379,0.3333,0.375,0.0952,0.1313,0.1456,0.0,0.0,0.1489,0.0973,0.9806,0.7383,0.0585,0.16,0.1379,0.3333,0.375,0.0947,0.1223,0.1422,0.0,0.0,0.1417,0.0,0.0,0.0,0.0,0.0,-4.0,0,1,0,0,0,0,0,0,0,0,0,0,0,0,0,0,0,0,0,0,0.0,0.0,0.0,0.0,0.0,1.0,False,0.2149652136873491,0.2449731509426566,7.767593599502874,-109414.32344259748,31.707938480658694,-446638.0214385584,75000.0,-0.900968867902419,0.4338837391175582,0,0,0,0,0,0,1,0,0,0,0,0,0,1,0,0,0,0,1,0,1,0,0,0,0,1,0,0,0,0,0,0,0,0,1,0,0,0,0,0,0,0,0,0,0,0,0,0,0,0,0,0,0,0,0,0,0,0,0,0,0,0,0,0,0,0,0,0,0,0,0,0,0,0,0,0,0,0,0,0,0,0,0,0,0,0,0,0,0,0,1,0,0,0,0,0,0,0,0,0,0,0,0,0,0,0,0,0,1,0,1,0,0,0,0,0,0,1,0,0
100018,100018,0.0,0,0,0,1,0,189000.0,773680.5,32778.0,679500.0,0.010006,-14583,-203.0,-615.0,-2056,,1,1,0,1,0,0,2.0,2,1,9,0,0,0,0,0,0,0.7219397686622343,0.6426562048311103,,0.3495,0.1335,0.9985,0.9796,0.1143,0.4,0.1724,0.6667,0.7083,0.1758,0.2849,0.3774,0.0193,0.1001,0.3561,0.1386,0.9985,0.9804,0.1153,0.4028,0.1724,0.6667,0.7083,0.1798,0.3113,0.3932,0.0195,0.106,0.3529,0.1335,0.9985,0.9799,0.115,0.4,0.1724,0.6667,0.7083,0.1789,0.2899,0.3842,0.0194,0.1022,0.3811,0.0,0.0,0.0,0.0,0.0,-188.0,0,1,0,0,0,0,0,0,0,0,0,0,0,0,0,0,0,0,0,0,,,,,,,False,0.0139203181787012,0.2442868858656771,5.766062602965404,-84086.49093904448,23.603651839648546,-344212.05477759475,94500.0,1.0,0.0,0,0,0,0,0,0,1,0,0,0,0,0,0,1,0,0,0,0,1,0,1,0,0,0,0,1,0,0,0,0,0,0,0,0,0,0,0,0,1,0,0,0,0,0,0,0,0,0,0,0,0,0,0,0,0,0,0,0,0,0,0,0,0,0,0,0,0,0,0,0,0,0,0,0,0,0,0,0,0,0,0,0,0,0,0,0,0,0,0,0,0,0,0,0,0,0,0,0,0,0,0,1,0,0,0,0,0,0,1,0,1,0,0,0,0,0,0,1,0,0
100019,100019,0.0,0,1,1,1,0,157500.0,299772.0,20160.0,247500.0,0.020713,-8728,-1157.0,-3494.0,-1368,17.0,1,1,0,1,0,0,1.0,3,3,6,0,0,0,1,1,0,0.1156343372622997,0.34663398139668,0.6785676886853644,,,,,,,,,,,,,,,,,,,,,,,,,,,,,,,,,,,,,,,,,,,,,0.0,0.0,0.0,0.0,-925.0,0,0,0,0,0,0,1,0,0,0,0,0,0,0,0,0,0,0,0,0,0.0,0.0,0.0,0.0,0.0,1.0,False,0.1325618698441796,0.5253993034706377,7.8125,-68187.5,14.869642857142855,-129782.24285714286,157500.0,-0.2225209339563146,-0.9749279121818236,0,1,0,0,0,0,0,0,0,0,0,0,0,1,0,0,0,0,1,0,0,0,1,0,0,0,0,0,1,0,0,0,0,0,0,0,0,0,1,0,0,0,0,0,0,0,0,0,0,0,0,0,1,0,0,0,0,0,0,0,0,0,0,0,0,0,0,0,0,0,0,0,0,0,0,0,0,0,0,0,0,0,0,0,0,0,0,0,0,0,0,0,0,0,0,0,0,0,0,0,0,0,0,0,0,0,0,0,0,0,0,0,0,0,0,0,0,0,0,0
100020,100020,0.0,0,1,0,0,0,108000.0,509602.5,26149.5,387000.0,0.018634,-12931,-1317.0,-6392.0,-3866,,1,1,0,1,0,0,2.0,2,2,12,0,0,0,1,1,0,,0.2363778398884225,0.0621030378372968,,,,,,,,,,,,,,,,,,,,,,,,,,,,,,,,,,,,,,,,,,,,,0.0,0.0,0.0,0.0,-3.0,0,1,0,0,0,0,0,0,0,0,0,0,0,0,0,0,0,0,0,0,0.0,0.0,0.0,0.0,1.0,0.0,False,0.1018482715953909,0.2119298865292065,4.130098089829634,-53406.298399586994,19.488039924281534,-251999.8442608845,54000.0,-0.900968867902419,0.4338837391175582,0,0,0,0,0,0,1,0,0,0,0,0,0,1,0,0,0,0,1,0,1,0,0,0,0,1,0,0,0,0,0,0,0,0,1,0,0,0,0,0,0,0,0,0,0,0,0,0,0,0,0,0,0,0,0,0,0,0,0,1,0,0,0,0,0,0,0,0,0,0,0,0,0,0,0,0,0,0,0,0,0,0,0,0,0,0,0,0,0,0,0,0,0,0,0,0,0,0,0,0,0,0,0,0,0,0,0,0,0,0,0,0,0,0,0,0,0,0,0,0
100021,100021,0.0,1,0,0,1,1,81000.0,270000.0,13500.0,270000.0,0.010966,-9776,-191.0,-4143.0,-2427,,1,1,0,1,0,0,3.0,2,2,10,0,0,0,1,1,0,,0.6835133461914255,,,,,,,,,,,,,,,,,,,,,,,,,,,,,,,,,,,,,,,,,,,,,,4.0,0.0,4.0,0.0,-2811.0,0,0,0,0,0,0,0,0,0,0,0,0,0,0,0,0,0,0,0,0,,,,,,,False,0.0195376432078559,0.3,6.0,-58656.0,20.0,-195520.0,27000.0,1.0,0.0,0,0,0,0,0,0,1,0,0,0,0,0,0,1,0,0,0,0,1,0,1,0,0,0,0,1,0,0,0,0,0,0,0,0,0,0,0,0,1,0,0,0,0,0,0,0,0,0,0,0,0,0,0,0,0,1,0,0,0,0,0,0,0,0,0,0,0,0,0,0,0,0,0,0,0,0,0,0,0,0,0,0,0,0,0,0,0,0,0,0,0,0,0,0,0,0,0,0,0,0,0,0,0,0,0,0,0,0,0,0,0,0,0,0,0,0,0,0,0,0
100022,100022,0.0,1,0,0,1,0,112500.0,157500.0,7875.0,157500.0,0.04622,-17718,-7804.0,-8751.0,-1259,,1,1,0,1,1,0,1.0,1,1,13,0,0,0,0,0,0,,0.7064284028871654,0.5567274263630174,0.0278,0.0617,0.9881,0.8368,0.0018,0.0,0.1034,0.0833,0.125,0.0279,0.0227,0.029,0.0,0.0,0.0284,0.064,0.9881,0.8432,0.0018,0.0,0.1034,0.0833,0.125,0.0286,0.0248,0.0302,0.0,0.0,0.0281,0.0617,0.9881,0.8390000000000001,0.0018,0.0,0.1034,0.0833,0.125,0.0284,0.0231,0.0295,0.0,0.0,0.0238,0.0,8.0,0.0,8.0,0.0,-239.0,0,1,0,0,0,0,0,0,0,0,0,0,0,0,0,0,0,0,0,0,0.0,0.0,0.0,0.0,0.0,0.0,False,0.440456033412349,0.7142857142857143,14.285714285714286,-253114.2857142857,20.0,-354360.0,112500.0,-0.9009688679024191,-0.433883739117558,0,0,0,1,0,0,0,0,0,0,0,0,0,1,0,0,0,0,1,0,0,0,0,1,0,1,0,0,0,0,0,0,0,0,0,0,0,0,1,0,0,0,0,0,0,0,0,0,0,0,0,0,0,0,0,0,0,0,0,0,0,1,0,0,0,0,0,0,0,0,0,0,0,0,0,0,0,0,0,0,0,0,0,0,0,0,0,0,0,0,0,0,0,0,0,0,0,0,0,0,0,0,0,0,0,0,0,0,1,0,1,0,0,0,0,0,0,0,1,0
100023,100023,0.0,0,0,0,1,1,90000.0,544491.0,17563.5,454500.0,0.015221,-11348,-2038.0,-1021.0,-3964,,1,1,1,1,1,0,2.0,2,2,12,0,0,0,0,0,0,,0.5866171400119664,0.4776491548517548,,,,,,,,,,,,,,,,,,,,,,,,,,,,,,,,,,,,,,,,,,,,,0.0,0.0,0.0,0.0,-1850.0,0,1,0,0,0,0,0,0,0,0,0,0,0,0,0,0,0,0,0,0,0.0,0.0,0.0,0.0,0.0,2.0,False,0.1795911173775114,0.1652919882973272,5.1242633871380985,-58150.140917243145,31.001281065846783,-351802.5375352293,45000.0,1.0,0.0,0,0,0,0,0,0,1,0,0,0,1,0,0,0,0,1,0,0,0,0,0,0,1,0,0,1,0,0,0,0,0,0,0,1,0,0,0,0,0,0,0,0,0,0,0,0,0,0,0,0,0,0,0,0,0,0,0,0,0,0,0,0,0,0,0,0,0,0,0,0,0,0,0,0,0,0,1,0,0,0,0,0,0,0,0,0,0,0,0,0,0,0,0,0,0,0,0,0,0,0,0,0,0,0,0,0,0,0,0,0,0,0,0,0,0,0,0,0,0,0
100024,100024,0.0,1,1,1,1,0,135000.0,427500.0,21375.0,427500.0,0.015221,-18252,-4286.0,-298.0,-1800,7.0,1,1,0,1,0,0,2.0,2,2,13,0,0,0,0,0,0,0.5656548824667073,0.113374512719927,,0.0722,0.0801,0.9781,0.7008,,0.0,0.1379,0.1667,0.0417,0.0534,0.0588,0.0619,0.0,0.0,0.0735,0.0831,0.9782,0.7125,,0.0,0.1379,0.1667,0.0417,0.0546,0.0643,0.0645,0.0,0.0,0.0729,0.0801,0.9781,0.7048,,0.0,0.1379,0.1667,0.0417,0.0543,0.0599,0.063,0.0,0.0,0.053,0.0,0.0,0.0,0.0,0.0,-296.0,0,0,0,0,0,0,0,0,0,0,0,0,0,0,0,0,0,0,0,0,,,,,,,False,0.2348235809774271,0.3157894736842105,6.315789473684211,-115275.7894736842,20.0,-365040.0,67500.0,-0.9009688679024191,-0.433883739117558,0,0,0,0,0,0,1,0,0,0,0,0,0,1,0,0,0,0,1,0,1,0,0,0,0,1,0,0,0,0,0,0,0,0,0,0,0,0,1,0,0,0,0,0,0,0,0,0,0,0,0,0,0,0,0,0,0,0,0,0,0,0,0,0,0,0,0,0,0,0,0,0,0,0,0,0,0,0,0,0,0,0,0,0,0,0,0,0,0,0,1,0,0,0,0,0,0,0,0,0,0,0,0,0,0,0,0,0,1,0,1,0,0,0,0,0,0,0,1,0
100025,100025,0.0,0,0,1,1,1,202500.0,1132573.5,37561.5,927000.0,0.025164,-14815,-1652.0,-2299.0,-2299,14.0,1,1,0,1,0,0,3.0,2,2,9,0,0,0,0,0,0,0.4377090198475417,0.2337669575081463,0.5424451438613613,,,,,,,,,,,,,,,,,,,,,,,,,,,,,,,,,,,,,,,,,,,,,0.0,0.0,0.0,0.0,0.0,0,1,0,0,0,0,0,0,0,0,0,0,0,0,0,0,0,0,0,0,0.0,0.0,0.0,0.0,1.0,4.0,False,0.1115086061424232,0.1787963430187974,5.391158500059902,-79870.01317838744,30.152509883790582,-446709.4339283575,67500.0,1.0,0.0,0,0,0,0,0,0,1,0,1,0,0,0,0,0,0,0,0,0,1,0,1,0,0,0,0,1,0,0,0,0,0,0,0,0,0,0,0,0,0,0,0,0,0,0,1,0,0,0,0,0,0,0,0,0,0,0,0,0,0,0,0,0,0,0,0,0,0,0,0,0,0,0,0,0,0,0,0,0,0,0,0,0,0,0,0,0,0,0,0,0,0,0,0,0,0,0,0,0,0,1,0,0,0,0,0,0,0,0,0,0,0,0,0,0,0,0,0,0,0,0
100026,100026,0.0,0,0,0,0,1,450000.0,497520.0,32521.5,450000.0,0.020713,-11146,-4306.0,-114.0,-2518,,1,1,0,1,0,0,3.0,3,2,6,0,0,0,0,0,0,,0.457142971588935,0.3589512285783967,0.0907,0.0795,0.9786,0.7076,0.012,0.0,0.2069,0.1667,0.2083,0.0898,0.0723,0.0873,0.0077,0.0044,0.0924,0.0825,0.9786,0.7190000000000001,0.0121,0.0,0.2069,0.1667,0.2083,0.0918,0.079,0.091,0.0078,0.0047,0.0916,0.0795,0.9786,0.7115,0.012,0.0,0.2069,0.1667,0.2083,0.0913,0.0735,0.0889,0.0078,0.0045,0.0696,0.0,0.0,0.0,0.0,0.0,-468.0,0,1,0,0,0,0,0,0,0,0,0,0,0,0,0,0,0,0,0,0,0.0,0.0,0.0,0.0,0.0,5.0,False,0.3863269334290328,0.9044862518089724,13.83700013837,-154227.20354227204,15.298187352981872,-170513.59623633596,150000.0,-0.900968867902419,0.4338837391175582,0,0,0,0,0,0,1,0,0,0,0,0,0,1,0,0,0,0,1,0,1,0,0,0,0,0,0,0,1,0,0,0,0,0,0,0,0,0,0,0,0,0,0,0,1,0,0,0,0,0,0,0,0,0,0,0,0,0,0,0,0,0,0,0,0,0,0,0,0,0,0,0,0,0,0,0,0,0,0,0,0,0,0,0,0,0,0,0,0,0,1,0,0,0,0,0,0,0,0,0,0,0,0,0,0,0,0,0,1,0,1,0,0,0,0,0,0,1,0,0
100027,100027,0.0,0,0,0,1,0,83250.0,239850.0,23850.0,225000.0,0.006296,-24827,,-9012.0,-3684,,1,0,0,1,1,0,2.0,3,3,12,0,0,0,0,0,0,,0.6243047373592765,0.6690566947824041,0.1443,0.0848,0.9876,0.83,0.1064,0.14,0.1207,0.375,0.4167,0.2371,0.1173,0.1484,0.0019,0.0007,0.1261,0.0754,0.9876,0.8367,0.0,0.1208,0.1034,0.375,0.4167,0.2425,0.1102,0.0923,0.0,0.0,0.1457,0.0848,0.9876,0.8323,0.1071,0.14,0.1207,0.375,0.4167,0.2412,0.1193,0.151,0.0019,0.0007,0.1639999999999999,0.0,0.0,0.0,0.0,0.0,-795.0,0,0,0,0,1,0,0,0,0,0,0,0,0,0,0,0,0,0,0,0,0.0,0.0,0.0,0.0,0.0,3.0,False,,0.3470919324577861,3.490566037735849,-86660.28301886792,10.056603773584904,-249675.30188679244,41625.0,-0.9009688679024191,-0.433883739117558,0,0,0,0,0,0,1,0,0,1,0,0,0,0,0,0,0,0,1,0,1,0,0,0,0,1,0,0,0,0,0,0,0,0,0,0,0,0,0,0,0,0,0,0,0,0,0,0,0,0,0,0,0,0,0,0,0,0,0,0,0,0,0,0,0,0,0,0,0,0,0,0,0,0,0,0,0,0,0,0,0,0,0,0,0,0,0,0,0,0,0,0,0,0,0,0,0,0,0,0,0,0,0,0,0,1,0,1,0,0,1,0,0,0,1,0,0,0,0,0
100029,100029,0.0,0,1,1,0,2,135000.0,247500.0,12703.5,247500.0,0.026392,-11286,-746.0,-108.0,-3729,7.0,1,1,0,1,0,0,4.0,2,2,14,0,0,0,0,1,1,,0.7861793090532118,0.5656079814115492,0.1433,0.1455,0.9861,0.8096,0.0212,0.0,0.3103,0.1667,0.2083,0.0861,0.1168,0.1217,0.0,0.0043,0.146,0.1509,0.9861,0.8171,0.0214,0.0,0.3103,0.1667,0.2083,0.0881,0.1276,0.1268,0.0,0.0045,0.1447,0.1455,0.9861,0.8121,0.0214,0.0,0.3103,0.1667,0.2083,0.0876,0.1189,0.1239,0.0,0.0044,0.0967,0.0,1.0,1.0,1.0,0.0,-4.0,0,1,0,0,0,0,0,0,0,0,0,0,0,0,0,0,0,0,0,0,0.0,0.0,0.0,0.0,0.0,0.0,False,0.0660995924153819,0.5454545454545454,10.626992561105208,-119936.23804463338,19.482819695359545,-219883.10308182784,33750.0,-0.900968867902419,0.4338837391175582,0,0,0,0,0,0,1,0,0,0,0,0,0,1,0,0,0,0,1,0,1,0,0,0,0,1,0,0,0,0,0,0,0,0,1,0,0,0,0,0,0,0,0,0,0,0,0,0,0,0,0,0,0,1,0,0,0,0,0,0,0,0,0,0,0,0,0,0,0,0,0,0,0,0,0,0,0,0,0,0,0,0,0,0,0,0,0,0,0,0,0,0,0,0,0,0,0,0,0,0,0,0,0,0,0,0,0,0,1,0,1,0,0,0,0,0,0,1,0,0
